CREATE TABLE AUTHORITY(
    AUTHORITY_NAME varchar PRIMARY KEY
);

CREATE TABLE ROLE_AUTHORITY(
    ROLE_ID INT REFERENCES auth_role(id),
    AUTHORITY_NAME varchar REFERENCES AUTHORITY(AUTHORITY_NAME)
);

UPDATE auth_role set role_name = 'ROLE_SYSTEM_ADMIN' where role_name='SYSTEM_ADMIN';
UPDATE auth_role set role_name = 'ROLE_SYSTEM_MODERATOR' where role_name='ROLE_MANIPULATOR';
UPDATE auth_role set role_name = 'ROLE_BUREAUCRACY_USER' where role_name='BUREAUCRACY_VIEW';
UPDATE auth_role set role_name = 'ROLE_MEDICAL_USER' where role_name='MEDICAL_VIEW';

INSERT INTO AUTHORITY (AUTHORITY_NAME) VALUES ('USER_MANIPULATOR');
INSERT INTO AUTHORITY (AUTHORITY_NAME) VALUES ('CIVIL_INFO_VIEWER');
INSERT INTO AUTHORITY (AUTHORITY_NAME) VALUES ('CIVIL_INFO_REDACTOR');
INSERT INTO AUTHORITY (AUTHORITY_NAME) VALUES ('MEDICAL_VIEWER');
INSERT INTO AUTHORITY (AUTHORITY_NAME) VALUES ('MEDICAL_REDACTOR');

INSERT INTO auth_role(id, role_name) VALUES (5, 'ROLE_BUREAUCRACY_ADMIN');
INSERT INTO auth_role(id, role_name) VALUES (6, 'ROLE_MEDICAL_ADMIN');
INSERT INTO auth_role(id, role_name) VALUES (7, 'ROLE_BUREAUCRACY_MANIPULATOR');
INSERT INTO auth_role(id, role_name) VALUES (8, 'ROLE_MEDICAL_MANIPULATOR');

INSERT INTO ROLE_AUTHORITY(ROLE_ID, AUTHORITY_NAME) VALUES ((select id from auth_role where role_name='ROLE_SYSTEM_ADMIN'), 'USER_MANIPULATOR');
INSERT INTO ROLE_AUTHORITY(ROLE_ID, AUTHORITY_NAME) VALUES ((select id from auth_role where role_name='ROLE_SYSTEM_MODERATOR'), 'USER_MANIPULATOR');
INSERT INTO ROLE_AUTHORITY(ROLE_ID, AUTHORITY_NAME) VALUES ((select id from auth_role where role_name='ROLE_BUREAUCRACY_USER'), 'CIVIL_INFO_VIEWER');
INSERT INTO ROLE_AUTHORITY(ROLE_ID, AUTHORITY_NAME) VALUES ((select id from auth_role where role_name='ROLE_BUREAUCRACY_MANIPULATOR'), 'CIVIL_INFO_REDACTOR');
INSERT INTO ROLE_AUTHORITY(ROLE_ID, AUTHORITY_NAME) VALUES ((select id from auth_role where role_name='ROLE_BUREAUCRACY_MANIPULATOR'), 'CIVIL_INFO_VIEWER');
INSERT INTO ROLE_AUTHORITY(ROLE_ID, AUTHORITY_NAME) VALUES ((select id from auth_role where role_name='ROLE_BUREAUCRACY_ADMIN'), 'CIVIL_INFO_REDACTOR');
INSERT INTO ROLE_AUTHORITY(ROLE_ID, AUTHORITY_NAME) VALUES ((select id from auth_role where role_name='ROLE_BUREAUCRACY_ADMIN'), 'CIVIL_INFO_VIEWER');
INSERT INTO ROLE_AUTHORITY(ROLE_ID, AUTHORITY_NAME) VALUES ((select id from auth_role where role_name='ROLE_MEDICAL_MANIPULATOR'), 'MEDICAL_VIEWER');
INSERT INTO ROLE_AUTHORITY(ROLE_ID, AUTHORITY_NAME) VALUES ((select id from auth_role where role_name='ROLE_MEDICAL_MANIPULATOR'), 'MEDICAL_REDACTOR');
INSERT INTO ROLE_AUTHORITY(ROLE_ID, AUTHORITY_NAME) VALUES ((select id from auth_role where role_name='ROLE_MEDICAL_ADMIN'), 'MEDICAL_VIEWER');
INSERT INTO ROLE_AUTHORITY(ROLE_ID, AUTHORITY_NAME) VALUES ((select id from auth_role where role_name='ROLE_MEDICAL_ADMIN'), 'MEDICAL_REDACTOR');
INSERT INTO ROLE_AUTHORITY(ROLE_ID, AUTHORITY_NAME) VALUES ((select id from auth_role where role_name='ROLE_MEDICAL_USER'), 'MEDICAL_VIEWER');
